{"cameraMode":{"drawMode":0,"name":"Shaded","section":"Shading Mode"},"sceneLighting":true,"audioPlay":false,"sceneViewState":{"showFog":true,"showMaterialUpdate":false,"showSkybox":true,"showFlares":true,"showImageEffects":true,"showParticleSystems":true},"in2DMode":false,"pivot":{"x":6.566232204437256,"y":-20.487777709960939,"z":-20.532852172851564},"rotation":{"x":-0.015405718237161637,"y":-0.8884687423706055,"z":0.45782428979873659,"w":-0.02997157908976078},"size":105.91638946533203,"orthographic":false}