{"cameraMode":{"drawMode":0,"name":"Shaded","section":"Shading Mode"},"sceneLighting":true,"audioPlay":false,"sceneViewState":{"showFog":true,"showMaterialUpdate":false,"showSkybox":true,"showFlares":true,"showImageEffects":true,"showParticleSystems":true},"in2DMode":false,"pivot":{"x":760.3310546875,"y":600.35400390625,"z":-27.843994140625},"rotation":{"x":-0.08565133810043335,"y":0.03545939549803734,"z":-0.0030496963299810888,"w":-0.9957042932510376},"size":1221.129150390625,"orthographic":false}