{"cameraMode":{"drawMode":0,"name":"Shaded","section":"Shading Mode"},"sceneLighting":true,"audioPlay":false,"sceneViewState":{"showFog":true,"showMaterialUpdate":false,"showSkybox":true,"showFlares":true,"showImageEffects":true,"showParticleSystems":true},"in2DMode":false,"pivot":{"x":30.389379501342775,"y":8.835226058959961,"z":-23.28571891784668},"rotation":{"x":-0.6365889310836792,"y":0.019343119114637376,"z":-0.015988074243068696,"w":-0.7708239555358887},"size":43.25981140136719,"orthographic":false}