{"cameraMode":{"drawMode":0,"name":"Shaded","section":"Shading Mode"},"sceneLighting":true,"audioPlay":false,"sceneViewState":{"showFog":true,"showMaterialUpdate":false,"showSkybox":true,"showFlares":true,"showImageEffects":true,"showParticleSystems":true},"in2DMode":false,"pivot":{"x":470.1935119628906,"y":-817.0985107421875,"z":125.75074005126953},"rotation":{"x":-0.40485793352127077,"y":-0.5127377510070801,"z":0.29814571142196658,"w":-0.695961594581604},"size":1065.1768798828125,"orthographic":false}