{"cameraMode":{"drawMode":0,"name":"Shaded","section":"Shading Mode"},"sceneLighting":true,"audioPlay":false,"sceneViewState":{"showFog":true,"showMaterialUpdate":false,"showSkybox":true,"showFlares":true,"showImageEffects":true,"showParticleSystems":true},"in2DMode":false,"pivot":{"x":4.042617321014404,"y":-0.3808937072753906,"z":2.700345039367676},"rotation":{"x":-0.6298079490661621,"y":0.005509904585778713,"z":-0.004473858047276735,"w":-0.776745617389679},"size":47.357460021972659,"orthographic":false}