{"cameraMode":{"drawMode":0,"name":"Shaded","section":"Shading Mode"},"sceneLighting":true,"audioPlay":false,"sceneViewState":{"showFog":true,"showMaterialUpdate":false,"showSkybox":true,"showFlares":true,"showImageEffects":true,"showParticleSystems":true},"in2DMode":false,"pivot":{"x":3.624918222427368,"y":4.3267598152160648,"z":0.7715567350387573},"rotation":{"x":0.20236989855766297,"y":-0.7700770497322083,"z":0.2949731647968292,"w":0.5282954573631287},"size":5.7221598625183109,"orthographic":false}